.metric,.estimator,.estimate
rmse,standard,15.352742135827427
rsq,standard,0.4441435827945952
mae,standard,11.938963330382972
