.metric,.estimator,.estimate
rmse,standard,15.352882009211124
rsq,standard,0.44413345432745754
mae,standard,11.939297312654086
